-- MariaDB dump 10.19  Distrib 10.4.24-MariaDB, for Win64 (AMD64)
--
-- Host: 127.0.0.1    Database: siseni
-- ------------------------------------------------------
-- Server version	10.4.24-MariaDB

/*!40101 SET @OLD_CHARACTER_SET_CLIENT=@@CHARACTER_SET_CLIENT */;
/*!40101 SET @OLD_CHARACTER_SET_RESULTS=@@CHARACTER_SET_RESULTS */;
/*!40101 SET @OLD_COLLATION_CONNECTION=@@COLLATION_CONNECTION */;
/*!40101 SET NAMES utf8 */;
/*!40103 SET @OLD_TIME_ZONE=@@TIME_ZONE */;
/*!40103 SET TIME_ZONE='+00:00' */;
/*!40014 SET @OLD_UNIQUE_CHECKS=@@UNIQUE_CHECKS, UNIQUE_CHECKS=0 */;
/*!40014 SET @OLD_FOREIGN_KEY_CHECKS=@@FOREIGN_KEY_CHECKS, FOREIGN_KEY_CHECKS=0 */;
/*!40101 SET @OLD_SQL_MODE=@@SQL_MODE, SQL_MODE='NO_AUTO_VALUE_ON_ZERO' */;
/*!40111 SET @OLD_SQL_NOTES=@@SQL_NOTES, SQL_NOTES=0 */;

--
-- Table structure for table `alumnos`
--

DROP TABLE IF EXISTS `alumnos`;
/*!40101 SET @saved_cs_client     = @@character_set_client */;
/*!40101 SET character_set_client = utf8 */;
CREATE TABLE `alumnos` (
  `solicitud` varchar(6) NOT NULL,
  `alu_nombre` varchar(60) DEFAULT NULL,
  `alu_prom` int(4) DEFAULT NULL,
  `alu_apeP` varchar(60) DEFAULT NULL,
  `alu_apeM` varchar(60) DEFAULT NULL,
  `idCarrera` int(2) DEFAULT NULL,
  `cal_ceneval` int(4) DEFAULT NULL,
  PRIMARY KEY (`solicitud`),
  KEY `idCarrera_idx` (`idCarrera`),
  CONSTRAINT `idCarrera` FOREIGN KEY (`idCarrera`) REFERENCES `carreras` (`idCarrera`) ON DELETE NO ACTION ON UPDATE NO ACTION
) ENGINE=InnoDB DEFAULT CHARSET=utf8;
/*!40101 SET character_set_client = @saved_cs_client */;

--
-- Dumping data for table `alumnos`
--

LOCK TABLES `alumnos` WRITE;
/*!40000 ALTER TABLE `alumnos` DISABLE KEYS */;
INSERT INTO `alumnos` VALUES ('1245','Aram',99,'Guzman','Boiso',4,1200),('4545','Fernando',95,'Rodriguez','Huerta ',15,950),('4896','Maleni',100,'Garcia','Gaspar',5,1100),('6598','Eduardo',88,'Peña','Jimenez',16,1110),('7945','Luis',77,'Garcia','Guzman',23,1000),('9632','Sara',95,'Meza','Chavez',21,1150);
/*!40000 ALTER TABLE `alumnos` ENABLE KEYS */;
UNLOCK TABLES;

--
-- Table structure for table `calificaciones`
--

DROP TABLE IF EXISTS `calificaciones`;
/*!40101 SET @saved_cs_client     = @@character_set_client */;
/*!40101 SET character_set_client = utf8 */;
CREATE TABLE `calificaciones` (
  `idMateriaGrupo` int(11) DEFAULT NULL,
  `solicitud` varchar(6) DEFAULT NULL,
  `calif` int(11) DEFAULT NULL,
  KEY `FK_materiaGrupo_idx` (`idMateriaGrupo`),
  KEY `FK_solicitud_idx` (`solicitud`),
  CONSTRAINT `FK_materiaGrupo` FOREIGN KEY (`idMateriaGrupo`) REFERENCES `materiagrupo` (`idMateriaGrupo`) ON DELETE NO ACTION ON UPDATE NO ACTION,
  CONSTRAINT `FK_solicitud` FOREIGN KEY (`solicitud`) REFERENCES `alumnos` (`solicitud`) ON DELETE NO ACTION ON UPDATE NO ACTION
) ENGINE=InnoDB DEFAULT CHARSET=utf8;
/*!40101 SET character_set_client = @saved_cs_client */;

--
-- Dumping data for table `calificaciones`
--

LOCK TABLES `calificaciones` WRITE;
/*!40000 ALTER TABLE `calificaciones` DISABLE KEYS */;
INSERT INTO `calificaciones` VALUES (9,'4545',100),(15,'4545',99),(21,'4545',100);
/*!40000 ALTER TABLE `calificaciones` ENABLE KEYS */;
UNLOCK TABLES;

--
-- Table structure for table `carreras`
--

DROP TABLE IF EXISTS `carreras`;
/*!40101 SET @saved_cs_client     = @@character_set_client */;
/*!40101 SET character_set_client = utf8 */;
CREATE TABLE `carreras` (
  `idCarrera` int(2) NOT NULL,
  `nomCarrera` varchar(70) DEFAULT NULL,
  PRIMARY KEY (`idCarrera`)
) ENGINE=InnoDB DEFAULT CHARSET=utf8;
/*!40101 SET character_set_client = @saved_cs_client */;

--
-- Dumping data for table `carreras`
--

LOCK TABLES `carreras` WRITE;
/*!40000 ALTER TABLE `carreras` DISABLE KEYS */;
INSERT INTO `carreras` VALUES (4,'INGENIERÍA ELECTRÓNICA'),(5,'INGENIERÍA MECÁNICA'),(6,'INGENIERÍA ELÉCTRICA'),(15,'INGENIERÍA EN SISTEMAS COMPUTACIONALES'),(16,'INGENIERÍA INDUSTRIAL'),(20,'INGENIERÍA AMBIENTAL'),(21,'ARQUITECTURA'),(22,'CONTADOR PÚBLICO'),(23,'INGENIERÍA EN GESTIÓN EMPRESARIAL'),(24,'INGENIERÍA INFORMÁTICA');
/*!40000 ALTER TABLE `carreras` ENABLE KEYS */;
UNLOCK TABLES;

--
-- Table structure for table `config`
--

DROP TABLE IF EXISTS `config`;
/*!40101 SET @saved_cs_client     = @@character_set_client */;
/*!40101 SET character_set_client = utf8 */;
CREATE TABLE `config` (
  `idConfig` int(11) NOT NULL AUTO_INCREMENT,
  `nombre` varchar(50) DEFAULT NULL,
  `descripcion` varchar(200) DEFAULT NULL,
  PRIMARY KEY (`idConfig`)
) ENGINE=InnoDB AUTO_INCREMENT=3 DEFAULT CHARSET=utf8;
/*!40101 SET character_set_client = @saved_cs_client */;

--
-- Dumping data for table `config`
--

LOCK TABLES `config` WRITE;
/*!40000 ALTER TABLE `config` DISABLE KEYS */;
INSERT INTO `config` VALUES (1,'ACEPTADOS','cantidad de aspirantes aceptados'),(2,'CURSO','cantidad maxima de alumnos por grupo');
/*!40000 ALTER TABLE `config` ENABLE KEYS */;
UNLOCK TABLES;

--
-- Table structure for table `detalles_config`
--

DROP TABLE IF EXISTS `detalles_config`;
/*!40101 SET @saved_cs_client     = @@character_set_client */;
/*!40101 SET character_set_client = utf8 */;
CREATE TABLE `detalles_config` (
  `idDetallesConfig` int(11) NOT NULL AUTO_INCREMENT,
  `idConfig` int(11) DEFAULT NULL,
  `idCarrera` int(2) DEFAULT NULL,
  `cantidadGrupos` int(4) DEFAULT NULL,
  `num_Alumnos` int(4) DEFAULT NULL,
  PRIMARY KEY (`idDetallesConfig`),
  KEY `idConfig_idx` (`idConfig`),
  KEY `idCarrera_idx` (`idCarrera`),
  CONSTRAINT `carrera--config` FOREIGN KEY (`idCarrera`) REFERENCES `carreras` (`idCarrera`) ON DELETE NO ACTION ON UPDATE NO ACTION,
  CONSTRAINT `idConfig` FOREIGN KEY (`idConfig`) REFERENCES `config` (`idConfig`) ON DELETE NO ACTION ON UPDATE NO ACTION
) ENGINE=InnoDB AUTO_INCREMENT=102 DEFAULT CHARSET=utf8;
/*!40101 SET character_set_client = @saved_cs_client */;

--
-- Dumping data for table `detalles_config`
--

LOCK TABLES `detalles_config` WRITE;
/*!40000 ALTER TABLE `detalles_config` DISABLE KEYS */;
INSERT INTO `detalles_config` VALUES (62,1,4,2,27),(82,1,5,2,45),(84,1,6,1,48),(85,1,15,1,40),(86,1,16,1,40),(87,1,20,1,45),(88,1,21,1,40),(89,1,22,2,45),(90,1,23,1,40),(91,1,24,1,45),(92,2,4,1,50),(93,2,5,1,50),(94,2,6,1,50),(95,2,15,1,50),(96,2,16,2,35),(97,2,20,1,50),(98,2,21,1,50),(99,2,22,1,50),(100,2,23,1,50),(101,2,24,1,50);
/*!40000 ALTER TABLE `detalles_config` ENABLE KEYS */;
UNLOCK TABLES;

--
-- Table structure for table `grupos`
--

DROP TABLE IF EXISTS `grupos`;
/*!40101 SET @saved_cs_client     = @@character_set_client */;
/*!40101 SET character_set_client = utf8 */;
CREATE TABLE `grupos` (
  `idGrupo` varchar(15) NOT NULL,
  `solicitud` varchar(6) DEFAULT NULL,
  `letraGrupo` char(1) DEFAULT NULL,
  PRIMARY KEY (`idGrupo`),
  KEY `solicitud_idx` (`solicitud`),
  CONSTRAINT `solicitud` FOREIGN KEY (`solicitud`) REFERENCES `alumnos` (`solicitud`) ON DELETE NO ACTION ON UPDATE NO ACTION
) ENGINE=InnoDB DEFAULT CHARSET=utf8;
/*!40101 SET character_set_client = @saved_cs_client */;

--
-- Dumping data for table `grupos`
--

LOCK TABLES `grupos` WRITE;
/*!40000 ALTER TABLE `grupos` DISABLE KEYS */;
INSERT INTO `grupos` VALUES ('22-15A','4545','A'),('22-16A','6598','A'),('22-21A','9632','A'),('22-23A','7945','A'),('22-4A','1245','A'),('22-5A','4896','A');
/*!40000 ALTER TABLE `grupos` ENABLE KEYS */;
UNLOCK TABLES;

--
-- Table structure for table `maestros`
--

DROP TABLE IF EXISTS `maestros`;
/*!40101 SET @saved_cs_client     = @@character_set_client */;
/*!40101 SET character_set_client = utf8 */;
CREATE TABLE `maestros` (
  `idMaestro` int(11) NOT NULL AUTO_INCREMENT,
  `nombreMaestro` varchar(70) DEFAULT NULL,
  PRIMARY KEY (`idMaestro`)
) ENGINE=InnoDB AUTO_INCREMENT=311 DEFAULT CHARSET=utf8;
/*!40101 SET character_set_client = @saved_cs_client */;

--
-- Dumping data for table `maestros`
--

LOCK TABLES `maestros` WRITE;
/*!40000 ALTER TABLE `maestros` DISABLE KEYS */;
INSERT INTO `maestros` VALUES (2,'ZAMUDIO ALAMILLA JORGE'),(3,'VILLEGAS MORALES HECTOR'),(4,'VILLANUEVA ROMERO ANA ROSA'),(5,'VILLALVAZO BALTAZAR MARI'),(6,'VEGA CORTES MARISA ELIZABETH'),(7,'VAZQUEZ ROLON SANDRA'),(8,'VAZQUEZ PAZ ADA MABEL '),(9,'VARGAS GONZALEZ OMAR CRISTIAN'),(10,'VALENCIA NILA MARIA GUADALUPE'),(11,'VALDOVINOS ROMERO JOSE CARLOS'),(12,'TOSCANO MARTINEZ NOEMI '),(13,'TORRES RUIZ FABIAN'),(14,'TORRES LARES MIRIAM SALOME'),(15,'TOBIAS HERNANDEZ ALEJANDRO'),(16,'SOSA LOPEZ MARCO ANTONIO'),(17,'SANTILLAN GARCIA ROSA ELIA'),(18,'SANTANA SANCHEZ LAURA JOSEFINA'),(19,'SANDOVAL PEREZ SERGIO'),(20,'SANDOVAL HERNANDEZ JUAN ALFREDO'),(21,'SANCHEZ NARANJO ROSSANA'),(22,'SANCHEZ ESPINOZA PATRICIA'),(23,'SANCHEZ CUEVAS MA DEL SAGRARIO'),(24,'SANCHEZ CERVANTES MARIA GUADALUPE'),(25,'SALVADOR VARGAS LUIS'),(26,'SALVADOR VARGAS FRANCISCO'),(27,'SALVADOR CANO LUIS ENRIQUE'),(28,'RUESGA GARCIA SALVADOR'),(29,'ROMERO VALENCIA MARÍA ESTHER'),(30,'ROMERO CALVARIO JOSE ALEJANDRO'),(31,'RODRIGUEZ RETOLAZA RICARDO'),(32,'RODRIGUEZ PEREZ RAMIRO'),(33,'RODRIGUEZ DE ANDA ALICIA'),(34,'ROBLEDO NUÑEZ FERNANDO MARCO ANTONIO'),(35,'RIVERA SANCHEZ ALEJANDRO'),(36,'RIVAS ARREGUIN LUIS'),(37,'RINCON CONTRERAS ANA MARGARITA'),(38,'REYES SOSA MIGUEL'),(39,'REYES SOSA LEOPOLDO'),(40,'REYES RUBIO RUBEN'),(41,'REYES RICO JOSEFINA'),(42,'REQUENA TIRADO VICENTE'),(43,'RENTERIA TORIZ RAUL'),(44,'RENTERÍA PALOMARES VÍCTOR HUGO'),(45,'RAUDALES VILLALVAZO MARI'),(46,'RAMOS GUTIERREZ MARTHA '),(47,'RAMIREZ VEGA JOSE FELIX'),(48,'RAMIREZ RIOS RODOLFO'),(49,'PUGA NATHAL MARIA EUGENIA'),(50,'PUGA NATHAL KARLA LILIANA'),(51,'PRECIADO REYES MIRIAM YA'),(52,'PRECIADO DELGADO FELIPE'),(53,'PONCE LOPEZ ROSA'),(55,'PEREZ RUIZ ESPARZA ARMAN'),(56,'PEREZ LOPEZ RUBEN JESUS'),(57,'PEREZ ISORDIA JOSE ALFREDO'),(58,'PEREZ APARICIO ARELI'),(59,'ORTIZ GALVAN LORENA'),(60,'OROZCO PEREZ BLANCA YADIRA'),(61,'ORDOÑEZ GARCIA FELIPE ALFONSO'),(62,'OCHOA VAZQUEZ JOEL'),(63,'OCHOA ORNELAS RAQUEL'),(64,'OCHOA MATA GUSTAVO'),(65,'OCHOA CISNEROS TERESA DE'),(66,'OCHOA CISNEROS MA. GUADALUPE'),(67,'OCHOA CISNEROS FRANCISCO'),(68,'OCHOA CISNEROS CLAUDIA'),(69,'NAVARRO SIMENTAL AURELIO'),(70,'NAVARRETE CHAVEZ MA GUADALUPE'),(71,'NAVARRETE CASTREJON CARL'),(72,'NAVA CONTRERAS ELIZABETH'),(73,'MURGUIA PEREZ ROBERTO'),(74,'MU?OZ COLLASO RICARDO'),(75,'MOYA ESQUIVEL IGNACIO'),(76,'MORENO ARANGO JOSE ANTON'),(77,'MORAN LEONARDO MARGARITA'),(78,'MONTES TORRES ORACIO'),(79,'MONTES DE OCA NOLASCO ANICETO'),(80,'MONTES DE OCA FLORES BERTHA PATRICIA'),(81,'MONTES ALVAREZ MA. ROSARIO'),(82,'MOJARRO BA?UELOS CUAUHTEMOC'),(83,'MIRELES PRECIADO OLGA EDITH'),(84,'MIRANDA FRANCO IGNACIO'),(85,'MICHEL NAVA ROSA MARIA'),(86,'MENDOZA SANCHEZ AHIDE BERENICE'),(87,'MENDOZA ARREZOLA MARIA MARICELA'),(88,'MEJIA GARCIA JORGE HORACIO'),(89,'MARTINEZ PINTO CYNTHIA  ALEJANDRA'),(90,'MARTINEZ ISABELES JUAN BERNALDINO'),(91,'MARTINEZ ESTRADA JOSE'),(92,'MARTINEZ CUEVAS JOSE ALBERTO'),(93,'MARIN AGUIRRE RICARDO IVAN'),(94,'MANUEL RAMIREZ FIDEL'),(95,'MAGA?A MORENO OMAR'),(96,'MAGA?A MORENO ISELA'),(97,'MAGA?A MARTINEZ JOSE DE  JESUS'),(98,'MAGA?A LARES VERONICA'),(99,'MACIEL GARCIA CARLOS ENRIQUE'),(100,'LUNA VILLALOBOS LUIS GABRIEL'),(101,'LUIS JUAN MORALES HECTOR'),(102,'LUCAS NU?EZ JOSE REYES'),(103,'LOPEZ GONZALEZ EDGAR'),(104,'LIMON BARAJAS DAVID'),(105,'LIERA AGUILERA LUCRECIA'),(106,'LEPE PEREZ JOSE LUIS MANUEL'),(107,'LEDESMA URIBE EMILIO'),(109,'LARES SANCHEZ ANA VIRGINIA'),(110,'LARA MEDINA MARIA ARACELI'),(111,'LARA CASILLAS HUMBERTO'),(112,'JIMENEZ MARTINEZ EMILIO'),(113,'JIMENEZ GOMEZ MARIA ELENA'),(114,'JIMENEZ DEL TORO JUAN CARLOS'),(115,'JIMENEZ CISNEROS MARIA DEL CARMEN'),(116,'JALOMO CUEVAS JAIME'),(117,'I?IGUEZ CARILLO KARLA PATRICIA'),(118,'HUERTA GARIBAY GUILLERMO'),(119,'HUERTA CASILLAS LAURA ELENA'),(120,'HERNANDEZ OCHOA JOSE MARIA'),(121,'HERNANDEZ HERNANDEZ MARIA CRISTINA'),(122,'HERNANDEZ GONZALEZ MIGUEL'),(123,'HERNANDEZ DE LA TORRE CELIA'),(124,'GUZMAN SOLANO MARCO ANTONIO'),(125,'GUZMAN HERNANDEZ SANTOS GUSTAVO'),(126,'GUTIERREZ TORRES JAVIER'),(127,'GUTIERREZ PARBOL MARGARITA'),(128,'GUTIERREZ MURO LAURO'),(129,'GUERRERO VALENCIA YAZMIN ZUGEY'),(130,'GUERRERO SANTANA ROCIO CRYSTAL'),(131,'GUERRERO MAGA?A ROGELIO'),(132,'GUDI?O VENEGAS RAMON'),(133,'GUDI?O VENEGAS JOSE ROBERTO'),(134,'GONZALEZ VAZQUEZ ADRIANA'),(135,'GONZALEZ SOLARES FRANCISCO MANUEL'),(136,'GONZALEZ MURILLO ALBERTO'),(137,'GONZALEZ JIMENEZ NORMA LIDIA'),(138,'GONZALEZ CASTOLO DAVID AUGUSTO'),(139,'GOMEZ SANCHEZ LAURA'),(140,'GOMEZ PERALTA JESUS ENRIQUE'),(141,'GOMEZ ARIAS ANGELICA'),(142,'GASPAR CARRILLO VICENTE BENJAMIN ROSARIO'),(143,'GARCIA VILLALVAZO IGNACIO'),(144,'GARCIA RODRIGUEZ MARCIA'),(145,'GARCIA RODRIGUEZ CINTHIA GABRIELA'),(146,'GARCIA RAMOS JONAS'),(147,'GARCIA MENDOZA MOISES'),(148,'GARCIA MENDOZA ARMANDO'),(149,'GARCIA MATA JUAN CARLOS'),(150,'GARCIA GUZMAN SANTIAGO MARTIN'),(151,'GARCIA GUZMAN MARCOS'),(152,'GARCIA GOMEZ MARIA ESPERANZA'),(153,'GARCIA CORTES JOSE DE JESUS'),(154,'GARCIA AYALA MANUEL RICARDO'),(155,'GAMA GALVEZ SONIA'),(156,'FRANCO GALINDO BEATRIZ  CELINA'),(157,'FLORES SAHAGUN RITA GRISELA'),(158,'FLORES SAHAGUN JOSEFINA'),(159,'ESPINOZA OCHOA RODOLFO'),(160,'ESESARTE RODRIGUEZ LEOPOLDO'),(161,'ELIZONDO MATA RICARDO'),(162,'ELIZONDO HERRERA SERGIO RAMIRO'),(163,'DIAZ RUIZ JULIO CESAR'),(164,'DIAZ CUEVA ALEJANDRA'),(165,'DIAZ AVILA LUCIA VANESA'),(166,'DIAZ ANTILLON NORMA ANGELICA'),(167,'DIAZ AGUIRRE RUBEN'),(168,'DE LOS REYES GALVAN GERV'),(169,'CUEVAS ACEVEDO LUZ ELENA'),(170,'CRUZ ROBLES IRMA JUANITA'),(171,'CRUZ ESQUIVEL HECTOR ALEJANDRO'),(172,'CORTES VILLANUEVA MARIA ISABEL'),(173,'CORTES GALLARDO MARIA DE JESUS'),(174,'CISNEROS AGUILAR NATALIA'),(175,'CHAVEZ VELARDE JUAN JOSE'),(176,'CHAVEZ ROMERO ROSA OLIVIA'),(177,'CHAVEZ ORENDAIN GUSTAVO'),(178,'CHAVEZ CORONA JAVIER'),(179,'CHAVEZ CARRILLO JOSE LUIS'),(180,'CHAVEZ BRISE?O JOSE MANUEL'),(181,'CHAVEZ BRACAMONTES RAMON'),(182,'CHAGOLLA AGUAYO BERENICE'),(183,'CERVANTES GONZALEZ LUIS  CESAR'),(184,'CELIS CRISOSTOMO NOE'),(185,'CATZIM ALCARAZ RAFAEL HERNAN'),(186,'CASTILLO VEGA JOSE'),(187,'CASTILLO REYES SILVIA MARISA'),(188,'CASTILLO HORTA ESTANISLAO'),(189,'CASTILLO FIGUEROA LEOPOLDO'),(190,'CARREON SILVA CRISTIAN LORENZO'),(191,'CARREON CHAVEZ EMILIO'),(192,'CARDENAS ZANABRIA ERNESTO'),(193,'GARCIA PASCUAL RAUL'),(194,'CARDENAS CHAVEZ ELVA ADRIANA'),(195,'CANO SANDOVAL JACINTO'),(196,'CANCINO MURILLO GABRIEL'),(197,'CANCINO MORENO HERMAN'),(198,'CALVARIO MUNGUIA LUIS'),(199,'CABRERA AGUILAR AURORA CARMINA'),(200,'BRAVO ROBLES MARIA DE JESUS'),(201,'BRACAMONTES LOPEZ JOSE SANTOS'),(202,'BRACAMONTES DEL TORO HUMBERTO'),(203,'BARRETO SANTIAGO ALBERTO'),(204,'BARRAGAN SANCHEZ PAULINA'),(205,'BARRAGAN LOPEZ RUTH CLEMENTINA'),(206,'BARRAGAN ESPINOZA OSCAR ALBERTO'),(207,'BARRAGAN ESPINOZA MIGUEL ANGEL'),(208,'BARAJAS TORRES MARIA ANGELICA'),(209,'BARAJAS TORRES MA. GRISELDA'),(210,'BAEZA ALCARAZ JOSE MIGUEL'),(211,'AYALA RODRIGUEZ J JESUS'),(212,'ASCENCION SANDOVAL VICTOR MANUEL'),(213,'ARIAS JIMENEZ RICARDO'),(214,'ARELLANO FABIAN ANGEL ENRIQUE'),(215,'ANGUIANO SALCEDO YADIRA  ESPERANZA'),(216,'ANGUIANO SALCEDO JUAN MANUEL'),(217,'MENDEZ DONATO FRANCISCO JAVIER '),(218,'ANGUIANO AGUIRRE PABLO DEMOCRITO'),(219,'AMEZCUA CASTREJON JOSE MARIA'),(220,'ALVAREZ ZEPEDA YOLANDA CATALINA'),(221,'ALVAREZ VARGAS CARLOS'),(222,'ALMAGUER ACOSTA JOSE JAIME'),(223,'ALDANA ORNELAS ELSA IVETTE'),(224,'ALCAZAR MICHEL SALVADOR'),(225,'ALCARAZ SILVA LEONARDO'),(226,'ALCARAZ CONTRERAS JOSE DE JESUS'),(227,'ALANIS LEZAMA KARINA'),(228,'AGUILAR MENDOZA ROGELIO'),(229,'AGUILAR MENDOZA MARTHA'),(230,'RENDON ESTRADA CLAUDIA VERONICA'),(231,'MANCILLA PE?A FERNANDO'),(232,'MAGALLON LOPEZ FRANCISCO JAVIER'),(233,'BALTAZAR RAMIREZ J ROSARIO'),(234,'GARCES LARIOS RAMON ALEJANDRO'),(235,'VILLALOBOS SANTANA JOSÉ LUIS'),(236,'RAMOS GARCIA ISIDRO'),(237,'GARCIA PEREZ CRISTIAN '),(238,'ALVAREZ CASTILLO ROBERTO'),(239,'ASCENCION SANDOVAL SAUL'),(240,'GARCIA GALINDO EVA LIZETTE'),(241,'MANJARREZ JIMENEZ LARISS'),(242,'ZEPEDA GAYTAN RAFAEL'),(243,'GARCIA BECERRA ADRIANA'),(244,'BECERRA VAZQUEZ ANA LAURA'),(245,'GONZALEZ COURTENAY ALBERTO'),(246,'MORAN AGUILAR CARMEN JUDITH'),(247,'LUCIA CARMONA JOSE AARON'),(248,'CISNEROS FIGUEROA IGNACIO'),(249,'GOMEZ ARIAS GABRIELA'),(250,'NAVARRETE CASTREJON SERGIO'),(251,'PUGA VEGA FRANCISCO GABRIEL'),(252,'GARCIA CEJA MARIA DEL ROCIO'),(253,'TORRES RODRIGUEZ MA. GABRIELA'),(254,'ANGUIANO SALCEDO HUGO ALBERTO'),(255,'ARAGON HOPE JORGE ALFONSO'),(256,'ZEPEDA OROZCO VICTOR MIG'),(257,'ISABELES GONZALEZ MARGAR'),(258,'ORTEGA GARCIA JOSE LUIS'),(259,'BAUTISTA VÁLDEZ EDGAR EDUARDO'),(260,'MU?OZ COLLAZO LIBIER'),(261,'RUBIO CASTELLANOS MIGUEL'),(262,'PEREZ DIMAS CLAUDIA'),(263,'FABIAN DE LA CRUZ ROBERTO'),(264,'FERNANDEZ ALVAREZ OFELIA'),(265,'MAGA?A ZU?IGA ANTONIO'),(266,'MENDEZ GUZMAN HUGO ANTONIO'),(267,'MOLINAR SOLIS JESUS EZEQUIEL'),(268,'ZEPEDA GARCIA RUBEN'),(269,'HERNANDEZ HERNANDEZ JORGE'),(270,'TRINIDAD GASPAR SERGIO '),(271,'SOLANO ESPINOZA LLULIZA'),(272,'TOPETE SILVA JUAN MANUEL'),(273,'ALCARAZ GARCIA JOSE ANTONIO'),(274,'ROBLEDO NU?EZ REFUGIO PAUL DE JESUS'),(275,'FAJARDO DELGADO DANIEL'),(276,'PANTOJA GONZALEZ RAFAEL'),(277,'GUERRERO VELASCO REYNALDO'),(278,'MEDINA OROZCO ARIANA VIRGINIA'),(279,'OCHOA AMEZCUA SAHILY'),(280,'CORONA SANCHEZ JOSE DE JESUS'),(281,'ACADEMIA SISTEMAS COMPUTACIONALES'),(282,'ACADEMIA INDUSTRIAL'),(283,'ACADEMIA ARQUITECTURA'),(284,'ACADEMIA CONTADOR PÚBLICO'),(285,'ACADEMIA AMBIENTAL'),(286,'ACADEMIA ELÉCTRICA'),(287,'ACADEMIA ELECTRÓNICA'),(288,'ACADEMIA GESTIÓN EMPRESARIAL'),(289,'ACADEMIA INFORMÁTICA'),(290,'ACADEMIA MECÁNICA'),(291,'ACADEMIA MAESTRÍA EN CIENCIAS DE LA COMPUTACIÓN'),(292,'ACADEMIA MAESTRÍA EN INGENIERÍA ELECTRÓNICA'),(293,'MARTINEZ CUEVAS JOEL'),(294,'MARTINEZ SANDOVAL JUAN CARLOS'),(295,'GONZALEZ OCHOA ANA ELENA'),(296,'PEREZ VARGAS JOSE DE JESUS'),(297,'RIOS SANDOVAL MARIA FLOR SILVESTRE'),(298,'CARDENAS GOMEZ GLORIA ESTELA'),(299,'LUA MADRIGAL FLAVIO REY'),(300,'SERRATOS HERNANDEZ JOSE LUIS'),(301,'RUIZ LOPEZ DANIEL'),(302,'MURGUIA PEREZ DANIEL'),(304,'MORFIN MALDONADO NORMA NELIDA'),(305,'MICHEL NAVA J GUADALUPE'),(306,'CISNEROS MARIA DEL SAGRARIO'),(307,'ALCARAZ SILVA JAVIER'),(308,'ERNESTO CHAGOYA SERNA'),(309,'VÍCTOR RAFAEL CATZIM SERRA'),(310,'MARIA GUADALUPE  VALENCIA NILA');
/*!40000 ALTER TABLE `maestros` ENABLE KEYS */;
UNLOCK TABLES;

--
-- Table structure for table `materiagrupo`
--

DROP TABLE IF EXISTS `materiagrupo`;
/*!40101 SET @saved_cs_client     = @@character_set_client */;
/*!40101 SET character_set_client = utf8 */;
CREATE TABLE `materiagrupo` (
  `idMateriaGrupo` int(11) NOT NULL AUTO_INCREMENT,
  `idMateria` int(11) DEFAULT NULL,
  `idMaestro` int(11) DEFAULT NULL,
  `idGrupo` varchar(15) DEFAULT NULL,
  PRIMARY KEY (`idMateriaGrupo`),
  KEY `idMateria_idx` (`idMateria`),
  KEY `idMaestro_idx` (`idMaestro`),
  KEY `idGrupo_idx` (`idGrupo`),
  CONSTRAINT `idGrupo` FOREIGN KEY (`idGrupo`) REFERENCES `grupos` (`idGrupo`) ON DELETE NO ACTION ON UPDATE NO ACTION,
  CONSTRAINT `idMaestro` FOREIGN KEY (`idMaestro`) REFERENCES `maestros` (`idMaestro`) ON DELETE NO ACTION ON UPDATE NO ACTION,
  CONSTRAINT `idMateria` FOREIGN KEY (`idMateria`) REFERENCES `materias` (`idMateria`) ON DELETE NO ACTION ON UPDATE NO ACTION
) ENGINE=InnoDB AUTO_INCREMENT=27 DEFAULT CHARSET=utf8;
/*!40101 SET character_set_client = @saved_cs_client */;

--
-- Dumping data for table `materiagrupo`
--

LOCK TABLES `materiagrupo` WRITE;
/*!40000 ALTER TABLE `materiagrupo` DISABLE KEYS */;
INSERT INTO `materiagrupo` VALUES (9,1,92,'22-15A'),(10,1,47,'22-16A'),(11,1,17,'22-21A'),(12,1,13,'22-23A'),(13,1,5,'22-4A'),(14,1,88,'22-5A'),(15,2,40,'22-15A'),(16,2,87,'22-16A'),(17,2,157,'22-21A'),(18,2,83,'22-23A'),(19,2,75,'22-4A'),(20,2,169,'22-5A'),(21,3,63,'22-15A'),(22,3,94,'22-16A'),(23,3,74,'22-21A'),(24,3,63,'22-23A'),(25,3,155,'22-4A'),(26,3,146,'22-5A');
/*!40000 ALTER TABLE `materiagrupo` ENABLE KEYS */;
UNLOCK TABLES;

--
-- Table structure for table `materias`
--

DROP TABLE IF EXISTS `materias`;
/*!40101 SET @saved_cs_client     = @@character_set_client */;
/*!40101 SET character_set_client = utf8 */;
CREATE TABLE `materias` (
  `idMateria` int(11) NOT NULL,
  `nombreMateria` varchar(45) DEFAULT NULL,
  PRIMARY KEY (`idMateria`)
) ENGINE=InnoDB DEFAULT CHARSET=utf8;
/*!40101 SET character_set_client = @saved_cs_client */;

--
-- Dumping data for table `materias`
--

LOCK TABLES `materias` WRITE;
/*!40000 ALTER TABLE `materias` DISABLE KEYS */;
INSERT INTO `materias` VALUES (1,'MATEMÁTICAS'),(2,'DESARROLLO HUMANO'),(3,'INTRODUCCIÓN A LA CARRERA');
/*!40000 ALTER TABLE `materias` ENABLE KEYS */;
UNLOCK TABLES;

--
-- Table structure for table `users`
--

DROP TABLE IF EXISTS `users`;
/*!40101 SET @saved_cs_client     = @@character_set_client */;
/*!40101 SET character_set_client = utf8 */;
CREATE TABLE `users` (
  `idUser` int(11) NOT NULL AUTO_INCREMENT,
  `email` varchar(255) DEFAULT NULL,
  `password` varchar(200) DEFAULT NULL,
  `nomUsuario` varchar(60) DEFAULT NULL,
  `apellidoUsuario` varchar(60) DEFAULT NULL,
  `create` date DEFAULT NULL,
  `role` varchar(45) DEFAULT NULL,
  PRIMARY KEY (`idUser`),
  UNIQUE KEY `email_UNIQUE` (`email`)
) ENGINE=InnoDB AUTO_INCREMENT=7 DEFAULT CHARSET=utf8;
/*!40101 SET character_set_client = @saved_cs_client */;

--
-- Dumping data for table `users`
--

LOCK TABLES `users` WRITE;
/*!40000 ALTER TABLE `users` DISABLE KEYS */;
INSERT INTO `users` VALUES (5,'jfernando_410@hotmail.com','$2y$10$PplUmkAgHnII7nyU0/cJUOxadMlY7ILJEcRSTbBGo9ASu4GIGqmJO','Juan Fernando','Brambila Rivera','0000-00-00','maestro'),(6,'fer-410@live.com.mx','$2y$10$boRkUCRmwEG04ykhHJ624O8OeGmw2LAaRAh5841i.5/EXtftm8nSa','Juan Fernando','Brambila Rivera','0000-00-00','admin');
/*!40000 ALTER TABLE `users` ENABLE KEYS */;
UNLOCK TABLES;
/*!40103 SET TIME_ZONE=@OLD_TIME_ZONE */;

/*!40101 SET SQL_MODE=@OLD_SQL_MODE */;
/*!40014 SET FOREIGN_KEY_CHECKS=@OLD_FOREIGN_KEY_CHECKS */;
/*!40014 SET UNIQUE_CHECKS=@OLD_UNIQUE_CHECKS */;
/*!40101 SET CHARACTER_SET_CLIENT=@OLD_CHARACTER_SET_CLIENT */;
/*!40101 SET CHARACTER_SET_RESULTS=@OLD_CHARACTER_SET_RESULTS */;
/*!40101 SET COLLATION_CONNECTION=@OLD_COLLATION_CONNECTION */;
/*!40111 SET SQL_NOTES=@OLD_SQL_NOTES */;

-- Dump completed on 2022-06-30 21:18:17
